"","location","year","site_year","sampling","plot","rep","treatment","delta15N"
"1","Arlington","2022","Arlington - 2022","1",101,"1","UTC",1486.861358
"2","Arlington","2022","Arlington - 2022","2",101,"1","UTC",1207.776041
"3","Arlington","2022","Arlington - 2022","3",101,"1","UTC",974.88
"4","Arlington","2022","Arlington - 2022","4",101,"1","UTC",880.53
"5","Arlington","2022","Arlington - 2022","5",101,"1","UTC",874.82
"6","Hancock","2022","Hancock - 2022","1",101,"1","nifKO",1108.272496
"7","Hancock","2022","Hancock - 2022","2",101,"1","nifKO",900.5217514
"8","Hancock","2022","Hancock - 2022","3",101,"1","nifKO",895.24
"9","Hancock","2022","Hancock - 2022","4",101,"1","nifKO",1316.59
"10","Hancock","2022","Hancock - 2022","5",101,"1","nifKO",1167.51
"11","Arlington","2022","Arlington - 2022","1",102,"1","nifKO",1435.313043
"12","Arlington","2022","Arlington - 2022","2",102,"1","nifKO",1116.573416
"13","Arlington","2022","Arlington - 2022","3",102,"1","nifKO",992.72
"14","Arlington","2022","Arlington - 2022","4",102,"1","nifKO",881.7
"15","Arlington","2022","Arlington - 2022","5",102,"1","nifKO",870.98
"16","Hancock","2022","Hancock - 2022","1",102,"1","UTC",1385.270585
"17","Hancock","2022","Hancock - 2022","2",102,"1","UTC",1221.066287
"18","Hancock","2022","Hancock - 2022","3",102,"1","UTC",1066.78
"19","Hancock","2022","Hancock - 2022","4",102,"1","UTC",1210.17
"20","Hancock","2022","Hancock - 2022","5",102,"1","UTC",1244.43
"21","Arlington","2022","Arlington - 2022","1",103,"1","ProveN40",1711.485203
"22","Arlington","2022","Arlington - 2022","2",103,"1","ProveN40",1389.413249
"23","Arlington","2022","Arlington - 2022","3",103,"1","ProveN40",1276.09
"24","Arlington","2022","Arlington - 2022","4",103,"1","ProveN40",1025.95
"25","Arlington","2022","Arlington - 2022","5",103,"1","ProveN40",984.17
"26","Hancock","2022","Hancock - 2022","1",103,"1","ProveN40",1333.897147
"27","Hancock","2022","Hancock - 2022","2",103,"1","ProveN40",1203.238837
"28","Hancock","2022","Hancock - 2022","3",103,"1","ProveN40",1153.53
"29","Hancock","2022","Hancock - 2022","4",103,"1","ProveN40",1207.34
"30","Hancock","2022","Hancock - 2022","5",103,"1","ProveN40",1316.93
"31","Arlington","2022","Arlington - 2022","1",201,"2","ProveN40",1219.046074
"32","Arlington","2022","Arlington - 2022","2",201,"2","ProveN40",1045.325805
"33","Arlington","2022","Arlington - 2022","3",201,"2","ProveN40",1005.12
"34","Arlington","2022","Arlington - 2022","4",201,"2","ProveN40",937.5
"35","Arlington","2022","Arlington - 2022","5",201,"2","ProveN40",925.99
"36","Hancock","2022","Hancock - 2022","1",201,"2","nifKO",1219.595127
"37","Hancock","2022","Hancock - 2022","2",201,"2","nifKO",950.74722
"38","Hancock","2022","Hancock - 2022","3",201,"2","nifKO",922.16
"39","Hancock","2022","Hancock - 2022","4",201,"2","nifKO",1192.99
"40","Hancock","2022","Hancock - 2022","5",201,"2","nifKO",1069.52
"41","Arlington","2022","Arlington - 2022","1",202,"2","nifKO",1624.0332
"42","Arlington","2022","Arlington - 2022","2",202,"2","nifKO",1304.265264
"43","Arlington","2022","Arlington - 2022","3",202,"2","nifKO",1205.21
"44","Arlington","2022","Arlington - 2022","4",202,"2","nifKO",1009.92
"45","Arlington","2022","Arlington - 2022","5",202,"2","nifKO",982.93
"46","Hancock","2022","Hancock - 2022","1",202,"2","UTC",1145.668034
"47","Hancock","2022","Hancock - 2022","2",202,"2","UTC",931.7442573
"48","Hancock","2022","Hancock - 2022","3",202,"2","UTC",864.64
"49","Hancock","2022","Hancock - 2022","4",202,"2","UTC",1315.26
"50","Hancock","2022","Hancock - 2022","5",202,"2","UTC",1116.38
"51","Arlington","2022","Arlington - 2022","1",203,"2","UTC",1463.624235
"52","Arlington","2022","Arlington - 2022","2",203,"2","UTC",1212.056724
"53","Arlington","2022","Arlington - 2022","3",203,"2","UTC",1054.56
"54","Arlington","2022","Arlington - 2022","4",203,"2","UTC",927.65
"55","Arlington","2022","Arlington - 2022","5",203,"2","UTC",893
"56","Hancock","2022","Hancock - 2022","1",203,"2","ProveN40",1322.80553
"57","Hancock","2022","Hancock - 2022","2",203,"2","ProveN40",1191.783328
"58","Hancock","2022","Hancock - 2022","3",203,"2","ProveN40",898.79
"59","Hancock","2022","Hancock - 2022","4",203,"2","ProveN40",1213.92
"60","Hancock","2022","Hancock - 2022","5",203,"2","ProveN40",1250.47
"61","Arlington","2022","Arlington - 2022","1",301,"3","nifKO",1425.783449
"62","Arlington","2022","Arlington - 2022","2",301,"3","nifKO",1077.913219
"63","Arlington","2022","Arlington - 2022","3",301,"3","nifKO",1032.73
"64","Arlington","2022","Arlington - 2022","4",301,"3","nifKO",982.02
"65","Arlington","2022","Arlington - 2022","5",301,"3","nifKO",989.99
"66","Hancock","2022","Hancock - 2022","1",301,"3","ProveN40",1375.426387
"67","Hancock","2022","Hancock - 2022","2",301,"3","ProveN40",1115.497823
"68","Hancock","2022","Hancock - 2022","3",301,"3","ProveN40",844.03
"69","Hancock","2022","Hancock - 2022","4",301,"3","ProveN40",1219.82
"70","Hancock","2022","Hancock - 2022","5",301,"3","ProveN40",1237.83
"71","Arlington","2022","Arlington - 2022","1",302,"3","UTC",1472.679109
"72","Arlington","2022","Arlington - 2022","2",302,"3","UTC",1215.480665
"73","Arlington","2022","Arlington - 2022","3",302,"3","UTC",1127.9
"74","Arlington","2022","Arlington - 2022","4",302,"3","UTC",945.93
"75","Arlington","2022","Arlington - 2022","5",302,"3","UTC",945.04
"76","Hancock","2022","Hancock - 2022","1",302,"3","nifKO",1711.509687
"77","Hancock","2022","Hancock - 2022","2",302,"3","nifKO",1255.775383
"78","Hancock","2022","Hancock - 2022","3",302,"3","nifKO",1215.39
"79","Hancock","2022","Hancock - 2022","4",302,"3","nifKO",1209.43
"80","Hancock","2022","Hancock - 2022","5",302,"3","nifKO",1417.89
"81","Arlington","2022","Arlington - 2022","1",303,"3","ProveN40",1619.263877
"82","Arlington","2022","Arlington - 2022","2",303,"3","ProveN40",1279.598172
"83","Arlington","2022","Arlington - 2022","3",303,"3","ProveN40",1172.77
"84","Arlington","2022","Arlington - 2022","4",303,"3","ProveN40",1001.64
"85","Arlington","2022","Arlington - 2022","5",303,"3","ProveN40",961.35
"86","Hancock","2022","Hancock - 2022","1",303,"3","UTC",1519.805621
"87","Hancock","2022","Hancock - 2022","2",303,"3","UTC",1226.718138
"88","Hancock","2022","Hancock - 2022","3",303,"3","UTC",1161.49
"89","Hancock","2022","Hancock - 2022","4",303,"3","UTC",1286.66
"90","Hancock","2022","Hancock - 2022","5",303,"3","UTC",1335.55
"91","Arlington","2022","Arlington - 2022","1",401,"4","ProveN40",1796.263891
"92","Arlington","2022","Arlington - 2022","2",401,"4","ProveN40",1268.679257
"93","Arlington","2022","Arlington - 2022","3",401,"4","ProveN40",1100.11
"94","Arlington","2022","Arlington - 2022","4",401,"4","ProveN40",953.08
"95","Arlington","2022","Arlington - 2022","5",401,"4","ProveN40",928.28
"96","Hancock","2022","Hancock - 2022","1",401,"4","UTC",1074.728339
"97","Hancock","2022","Hancock - 2022","2",401,"4","UTC",963.1055876
"98","Hancock","2022","Hancock - 2022","3",401,"4","UTC",986.41
"99","Hancock","2022","Hancock - 2022","4",401,"4","UTC",1425.52
"100","Hancock","2022","Hancock - 2022","5",401,"4","UTC",1229.18
"101","Arlington","2022","Arlington - 2022","1",402,"4","nifKO",1703.081057
"102","Arlington","2022","Arlington - 2022","2",402,"4","nifKO",1179.977308
"103","Arlington","2022","Arlington - 2022","3",402,"4","nifKO",1090.84
"104","Arlington","2022","Arlington - 2022","4",402,"4","nifKO",957.39
"105","Arlington","2022","Arlington - 2022","5",402,"4","nifKO",915.5
"106","Hancock","2022","Hancock - 2022","1",402,"4","ProveN40",1230.233228
"107","Hancock","2022","Hancock - 2022","2",402,"4","ProveN40",918.349201
"108","Hancock","2022","Hancock - 2022","3",402,"4","ProveN40",904.49
"109","Hancock","2022","Hancock - 2022","4",402,"4","ProveN40",1291.86
"110","Hancock","2022","Hancock - 2022","5",402,"4","ProveN40",1096.97
"111","Arlington","2022","Arlington - 2022","1",403,"4","UTC",1804.971778
"112","Arlington","2022","Arlington - 2022","2",403,"4","UTC",1394.519427
"113","Arlington","2022","Arlington - 2022","3",403,"4","UTC",1142.13
"114","Arlington","2022","Arlington - 2022","4",403,"4","UTC",982.55
"115","Arlington","2022","Arlington - 2022","5",403,"4","UTC",963.61
"116","Hancock","2022","Hancock - 2022","1",403,"4","nifKO",1087.419776
"117","Hancock","2022","Hancock - 2022","2",403,"4","nifKO",825.8442127
"118","Hancock","2022","Hancock - 2022","3",403,"4","nifKO",936.62
"119","Hancock","2022","Hancock - 2022","4",403,"4","nifKO",1261.68
"120","Hancock","2022","Hancock - 2022","5",403,"4","nifKO",1098.05
"121","Arlington","2022","Arlington - 2022","1",501,"5","nifKO",1619.058702
"122","Arlington","2022","Arlington - 2022","2",501,"5","nifKO",1187.959112
"123","Arlington","2022","Arlington - 2022","3",501,"5","nifKO",1091.65
"124","Arlington","2022","Arlington - 2022","4",501,"5","nifKO",946.28
"125","Arlington","2022","Arlington - 2022","5",501,"5","nifKO",947.07
"126","Hancock","2022","Hancock - 2022","1",501,"5","nifKO",1149.318186
"127","Hancock","2022","Hancock - 2022","2",501,"5","nifKO",931.3377715
"128","Hancock","2022","Hancock - 2022","3",501,"5","nifKO",919.07
"129","Hancock","2022","Hancock - 2022","4",501,"5","nifKO",1214.83
"130","Hancock","2022","Hancock - 2022","5",501,"5","nifKO",1038.94
"131","Arlington","2022","Arlington - 2022","1",502,"5","ProveN40",1336.87108
"132","Arlington","2022","Arlington - 2022","2",502,"5","ProveN40",967.3361457
"133","Arlington","2022","Arlington - 2022","3",502,"5","ProveN40",912.57
"134","Arlington","2022","Arlington - 2022","4",502,"5","ProveN40",817.75
"135","Arlington","2022","Arlington - 2022","5",502,"5","ProveN40",807.3
"136","Hancock","2022","Hancock - 2022","1",502,"5","UTC",1072.205469
"137","Hancock","2022","Hancock - 2022","2",502,"5","UTC",1124.018046
"138","Hancock","2022","Hancock - 2022","3",502,"5","UTC",1029
"139","Hancock","2022","Hancock - 2022","4",502,"5","UTC",1221.39
"140","Hancock","2022","Hancock - 2022","5",502,"5","UTC",1178.38
"141","Arlington","2022","Arlington - 2022","1",503,"5","UTC",2049.901956
"142","Arlington","2022","Arlington - 2022","2",503,"5","UTC",1479.461794
"143","Arlington","2022","Arlington - 2022","3",503,"5","UTC",1164.06
"144","Arlington","2022","Arlington - 2022","4",503,"5","UTC",983.24
"145","Arlington","2022","Arlington - 2022","5",503,"5","UTC",924.54
"146","Hancock","2022","Hancock - 2022","1",503,"5","ProveN40",1085.276337
"147","Hancock","2022","Hancock - 2022","2",503,"5","ProveN40",1022.174869
"148","Hancock","2022","Hancock - 2022","3",503,"5","ProveN40",962.28
"149","Hancock","2022","Hancock - 2022","4",503,"5","ProveN40",1068.43
"150","Hancock","2022","Hancock - 2022","5",503,"5","ProveN40",1116.87
"151","Arlington","2022","Arlington - 2022","1",601,"6","ProveN40",1677.000645
"152","Arlington","2022","Arlington - 2022","2",601,"6","ProveN40",1343.732814
"153","Arlington","2022","Arlington - 2022","3",601,"6","ProveN40",1237.11
"154","Arlington","2022","Arlington - 2022","4",601,"6","ProveN40",1038.8
"155","Arlington","2022","Arlington - 2022","5",601,"6","ProveN40",976.9
"156","Hancock","2022","Hancock - 2022","1",601,"6","UTC",1499.578612
"157","Hancock","2022","Hancock - 2022","2",601,"6","UTC",1210.914129
"158","Hancock","2022","Hancock - 2022","3",601,"6","UTC",1230.57
"159","Hancock","2022","Hancock - 2022","4",601,"6","UTC",1385.27
"160","Hancock","2022","Hancock - 2022","5",601,"6","UTC",1437.8
"161","Arlington","2022","Arlington - 2022","1",602,"6","nifKO",2091.412767
"162","Arlington","2022","Arlington - 2022","2",602,"6","nifKO",1457.815471
"163","Arlington","2022","Arlington - 2022","3",602,"6","nifKO",1254.83
"164","Arlington","2022","Arlington - 2022","4",602,"6","nifKO",1021.23
"165","Arlington","2022","Arlington - 2022","5",602,"6","nifKO",988.86
"166","Hancock","2022","Hancock - 2022","1",602,"6","nifKO",1699.035497
"167","Hancock","2022","Hancock - 2022","2",602,"6","nifKO",1233.296816
"168","Hancock","2022","Hancock - 2022","3",602,"6","nifKO",1212.26
"169","Hancock","2022","Hancock - 2022","4",602,"6","nifKO",1430.59
"170","Hancock","2022","Hancock - 2022","5",602,"6","nifKO",1396.69
"171","Arlington","2022","Arlington - 2022","1",603,"6","UTC",2040.199371
"172","Arlington","2022","Arlington - 2022","2",603,"6","UTC",1501.736059
"173","Arlington","2022","Arlington - 2022","3",603,"6","UTC",1217.53
"174","Arlington","2022","Arlington - 2022","4",603,"6","UTC",965.33
"175","Arlington","2022","Arlington - 2022","5",603,"6","UTC",921.64
"176","Hancock","2022","Hancock - 2022","1",603,"6","ProveN40",1361.100091
"177","Hancock","2022","Hancock - 2022","2",603,"6","ProveN40",1104.808344
"178","Hancock","2022","Hancock - 2022","3",603,"6","ProveN40",1006.54
"179","Hancock","2022","Hancock - 2022","4",603,"6","ProveN40",1139.35
"180","Hancock","2022","Hancock - 2022","5",603,"6","ProveN40",1080.28
"181","Arlington","2022","Arlington - 2022","1",701,"7","ProveN40",1822.573617
"182","Arlington","2022","Arlington - 2022","2",701,"7","ProveN40",1338.628652
"183","Arlington","2022","Arlington - 2022","3",701,"7","ProveN40",1198.92
"184","Arlington","2022","Arlington - 2022","4",701,"7","ProveN40",1022.49
"185","Arlington","2022","Arlington - 2022","5",701,"7","ProveN40",942.08
"186","Hancock","2022","Hancock - 2022","1",701,"7","UTC",1310.150135
"187","Hancock","2022","Hancock - 2022","2",701,"7","UTC",1003.20886
"188","Hancock","2022","Hancock - 2022","3",701,"7","UTC",943.39
"189","Hancock","2022","Hancock - 2022","4",701,"7","UTC",1140.07
"190","Hancock","2022","Hancock - 2022","5",701,"7","UTC",1263.06
"191","Arlington","2022","Arlington - 2022","1",702,"7","UTC",1695.727932
"192","Arlington","2022","Arlington - 2022","2",702,"7","UTC",1367.811275
"193","Arlington","2022","Arlington - 2022","3",702,"7","UTC",1126.3
"194","Arlington","2022","Arlington - 2022","4",702,"7","UTC",992.22
"195","Arlington","2022","Arlington - 2022","5",702,"7","UTC",961.44
"196","Hancock","2022","Hancock - 2022","1",702,"7","ProveN40",1347.221303
"197","Hancock","2022","Hancock - 2022","2",702,"7","ProveN40",1069.188401
"198","Hancock","2022","Hancock - 2022","3",702,"7","ProveN40",998.93
"199","Hancock","2022","Hancock - 2022","4",702,"7","ProveN40",1056.22
"200","Hancock","2022","Hancock - 2022","5",702,"7","ProveN40",1208.55
"201","Arlington","2022","Arlington - 2022","1",703,"7","nifKO",1730.807901
"202","Arlington","2022","Arlington - 2022","2",703,"7","nifKO",1293.318127
"203","Arlington","2022","Arlington - 2022","3",703,"7","nifKO",1174.92
"204","Arlington","2022","Arlington - 2022","4",703,"7","nifKO",1019.33
"205","Arlington","2022","Arlington - 2022","5",703,"7","nifKO",975.2
"206","Hancock","2022","Hancock - 2022","1",703,"7","nifKO",1168.322804
"207","Hancock","2022","Hancock - 2022","2",703,"7","nifKO",912.3348087
"208","Hancock","2022","Hancock - 2022","3",703,"7","nifKO",992.63
"209","Hancock","2022","Hancock - 2022","4",703,"7","nifKO",1334.24
"210","Hancock","2022","Hancock - 2022","5",703,"7","nifKO",1247.86
"211","Arlington","2022","Arlington - 2022","1",801,"8","UTC",1739.66112
"212","Arlington","2022","Arlington - 2022","2",801,"8","UTC",1425.906395
"213","Arlington","2022","Arlington - 2022","3",801,"8","UTC",1243.42
"214","Arlington","2022","Arlington - 2022","4",801,"8","UTC",996.28
"215","Arlington","2022","Arlington - 2022","5",801,"8","UTC",987
"216","Hancock","2022","Hancock - 2022","1",801,"8","UTC",1402.00462
"217","Hancock","2022","Hancock - 2022","2",801,"8","UTC",1105.625311
"218","Hancock","2022","Hancock - 2022","3",801,"8","UTC",1082.58
"219","Hancock","2022","Hancock - 2022","4",801,"8","UTC",1072.11
"220","Hancock","2022","Hancock - 2022","5",801,"8","UTC",1289.25
"221","Arlington","2022","Arlington - 2022","1",802,"8","nifKO",1475.815075
"222","Arlington","2022","Arlington - 2022","2",802,"8","nifKO",1135.752324
"223","Arlington","2022","Arlington - 2022","3",802,"8","nifKO",1039.19
"224","Arlington","2022","Arlington - 2022","4",802,"8","nifKO",889.91
"225","Arlington","2022","Arlington - 2022","5",802,"8","nifKO",865.83
"226","Hancock","2022","Hancock - 2022","1",802,"8","nifKO",1499.423436
"227","Hancock","2022","Hancock - 2022","2",802,"8","nifKO",1288.79162
"228","Hancock","2022","Hancock - 2022","3",802,"8","nifKO",1180.15
"229","Hancock","2022","Hancock - 2022","4",802,"8","nifKO",1239.12
"230","Hancock","2022","Hancock - 2022","5",802,"8","nifKO",1438.24
"231","Arlington","2022","Arlington - 2022","1",803,"8","ProveN40",1588.144598
"232","Arlington","2022","Arlington - 2022","2",803,"8","ProveN40",1241.459075
"233","Arlington","2022","Arlington - 2022","3",803,"8","ProveN40",1127.51
"234","Arlington","2022","Arlington - 2022","4",803,"8","ProveN40",936.29
"235","Arlington","2022","Arlington - 2022","5",803,"8","ProveN40",885.34
"236","Hancock","2022","Hancock - 2022","1",803,"8","ProveN40",1322.66437
"237","Hancock","2022","Hancock - 2022","2",803,"8","ProveN40",1225.00131
"238","Hancock","2022","Hancock - 2022","3",803,"8","ProveN40",1104.28
"239","Hancock","2022","Hancock - 2022","4",803,"8","ProveN40",1363.76
"240","Hancock","2022","Hancock - 2022","5",803,"8","ProveN40",1277.97
"241","Arlington","2022","Arlington - 2022","1",901,"9","ProveN40",1459.09026
"242","Arlington","2022","Arlington - 2022","2",901,"9","ProveN40",1229.773125
"243","Arlington","2022","Arlington - 2022","3",901,"9","ProveN40",1147.23
"244","Arlington","2022","Arlington - 2022","4",901,"9","ProveN40",1030.3
"245","Arlington","2022","Arlington - 2022","5",901,"9","ProveN40",939.39
"246","Hancock","2022","Hancock - 2022","1",901,"9","ProveN40",1407.381737
"247","Hancock","2022","Hancock - 2022","2",901,"9","ProveN40",1036.976147
"248","Hancock","2022","Hancock - 2022","3",901,"9","ProveN40",1008.85
"249","Hancock","2022","Hancock - 2022","4",901,"9","ProveN40",1433.38
"250","Hancock","2022","Hancock - 2022","5",901,"9","ProveN40",1212.89
"251","Arlington","2022","Arlington - 2022","1",902,"9","UTC",1769.658629
"252","Arlington","2022","Arlington - 2022","2",902,"9","UTC",1404.248984
"253","Arlington","2022","Arlington - 2022","3",902,"9","UTC",1224.14
"254","Arlington","2022","Arlington - 2022","4",902,"9","UTC",1002.6
"255","Arlington","2022","Arlington - 2022","5",902,"9","UTC",953.47
"256","Hancock","2022","Hancock - 2022","1",902,"9","UTC",1324.900914
"257","Hancock","2022","Hancock - 2022","2",902,"9","UTC",1123.5796
"258","Hancock","2022","Hancock - 2022","3",902,"9","UTC",1017.62
"259","Hancock","2022","Hancock - 2022","4",902,"9","UTC",1230.49
"260","Hancock","2022","Hancock - 2022","5",902,"9","UTC",1215.46
"261","Arlington","2022","Arlington - 2022","1",903,"9","nifKO",1736.22953
"262","Arlington","2022","Arlington - 2022","2",903,"9","nifKO",1292.61056
"263","Arlington","2022","Arlington - 2022","3",903,"9","nifKO",1183.87
"264","Arlington","2022","Arlington - 2022","4",903,"9","nifKO",1015.3
"265","Arlington","2022","Arlington - 2022","5",903,"9","nifKO",946.52
"266","Hancock","2022","Hancock - 2022","1",903,"9","nifKO",1540.851561
"267","Hancock","2022","Hancock - 2022","2",903,"9","nifKO",1104.879124
"268","Hancock","2022","Hancock - 2022","3",903,"9","nifKO",1054.8
"269","Hancock","2022","Hancock - 2022","4",903,"9","nifKO",1204.55
"270","Hancock","2022","Hancock - 2022","5",903,"9","nifKO",1227.05
"271","Arlington","2022","Arlington - 2022","1",1001,"10","nifKO",1530.807586
"272","Arlington","2022","Arlington - 2022","2",1001,"10","nifKO",1192.36377
"273","Arlington","2022","Arlington - 2022","3",1001,"10","nifKO",1068.78
"274","Arlington","2022","Arlington - 2022","4",1001,"10","nifKO",892.19
"275","Arlington","2022","Arlington - 2022","5",1001,"10","nifKO",893.01
"276","Hancock","2022","Hancock - 2022","1",1001,"10","UTC",1401.248761
"277","Hancock","2022","Hancock - 2022","2",1001,"10","UTC",1335.091692
"278","Hancock","2022","Hancock - 2022","3",1001,"10","UTC",1107.08
"279","Hancock","2022","Hancock - 2022","4",1001,"10","UTC",1114.37
"280","Hancock","2022","Hancock - 2022","5",1001,"10","UTC",1321.91
"281","Arlington","2022","Arlington - 2022","1",1002,"10","UTC",1722.746209
"282","Arlington","2022","Arlington - 2022","2",1002,"10","UTC",1382.515978
"283","Arlington","2022","Arlington - 2022","3",1002,"10","UTC",1132.44
"284","Arlington","2022","Arlington - 2022","4",1002,"10","UTC",960.4
"285","Arlington","2022","Arlington - 2022","5",1002,"10","UTC",948.78
"286","Hancock","2022","Hancock - 2022","1",1002,"10","ProveN40",1523.331632
"287","Hancock","2022","Hancock - 2022","2",1002,"10","ProveN40",1382.986596
"288","Hancock","2022","Hancock - 2022","3",1002,"10","ProveN40",1087.72
"289","Hancock","2022","Hancock - 2022","4",1002,"10","ProveN40",1114.48
"290","Hancock","2022","Hancock - 2022","5",1002,"10","ProveN40",1254.35
"291","Arlington","2022","Arlington - 2022","1",1003,"10","ProveN40",1734.796825
"292","Arlington","2022","Arlington - 2022","2",1003,"10","ProveN40",1313.171342
"293","Arlington","2022","Arlington - 2022","3",1003,"10","ProveN40",1138.83
"294","Arlington","2022","Arlington - 2022","4",1003,"10","ProveN40",915.03
"295","Arlington","2022","Arlington - 2022","5",1003,"10","ProveN40",856.75
"296","Hancock","2022","Hancock - 2022","1",1003,"10","nifKO",1213.586292
"297","Hancock","2022","Hancock - 2022","2",1003,"10","nifKO",906.1053972
"298","Hancock","2022","Hancock - 2022","3",1003,"10","nifKO",921.4
"299","Hancock","2022","Hancock - 2022","4",1003,"10","nifKO",1322.01
"300","Hancock","2022","Hancock - 2022","5",1003,"10","nifKO",1264.82
"301","Arlington","2022","Arlington - 2022","1",1101,"11","nifKO",1570.544254
"302","Arlington","2022","Arlington - 2022","2",1101,"11","nifKO",1261.236695
"303","Arlington","2022","Arlington - 2022","3",1101,"11","nifKO",1132.6
"304","Arlington","2022","Arlington - 2022","4",1101,"11","nifKO",963.4
"305","Arlington","2022","Arlington - 2022","5",1101,"11","nifKO",902.34
"306","Hancock","2022","Hancock - 2022","1",1101,"11","ProveN40",1151.781988
"307","Hancock","2022","Hancock - 2022","2",1101,"11","ProveN40",1085.518813
"308","Hancock","2022","Hancock - 2022","3",1101,"11","ProveN40",1014.29
"309","Hancock","2022","Hancock - 2022","4",1101,"11","ProveN40",1208.52
"310","Hancock","2022","Hancock - 2022","5",1101,"11","ProveN40",1223.04
"311","Arlington","2022","Arlington - 2022","1",1102,"11","UTC",1750.683952
"312","Arlington","2022","Arlington - 2022","2",1102,"11","UTC",1331.393724
"313","Arlington","2022","Arlington - 2022","3",1102,"11","UTC",1093.1
"314","Arlington","2022","Arlington - 2022","4",1102,"11","UTC",989.91
"315","Arlington","2022","Arlington - 2022","5",1102,"11","UTC",935.46
"316","Hancock","2022","Hancock - 2022","1",1102,"11","nifKO",1530.439717
"317","Hancock","2022","Hancock - 2022","2",1102,"11","nifKO",1192.339121
"318","Hancock","2022","Hancock - 2022","3",1102,"11","nifKO",1139.39
"319","Hancock","2022","Hancock - 2022","4",1102,"11","nifKO",1129.61
"320","Hancock","2022","Hancock - 2022","5",1102,"11","nifKO",1346.3
"321","Arlington","2022","Arlington - 2022","1",1103,"11","ProveN40",2038.876695
"322","Arlington","2022","Arlington - 2022","2",1103,"11","ProveN40",1514.467234
"323","Arlington","2022","Arlington - 2022","3",1103,"11","ProveN40",1276.03
"324","Arlington","2022","Arlington - 2022","4",1103,"11","ProveN40",1080.94
"325","Arlington","2022","Arlington - 2022","5",1103,"11","ProveN40",1009.57
"326","Hancock","2022","Hancock - 2022","1",1103,"11","UTC",1453.997763
"327","Hancock","2022","Hancock - 2022","2",1103,"11","UTC",1287.687548
"328","Hancock","2022","Hancock - 2022","3",1103,"11","UTC",1107.94
"329","Hancock","2022","Hancock - 2022","4",1103,"11","UTC",1409.19
"330","Hancock","2022","Hancock - 2022","5",1103,"11","UTC",1276.58
"331","Arlington","2022","Arlington - 2022","1",1201,"12","nifKO",1701.573563
"332","Arlington","2022","Arlington - 2022","2",1201,"12","nifKO",1293.941028
"333","Arlington","2022","Arlington - 2022","3",1201,"12","nifKO",1132.41
"334","Arlington","2022","Arlington - 2022","4",1201,"12","nifKO",940.43
"335","Arlington","2022","Arlington - 2022","5",1201,"12","nifKO",913.38
"336","Hancock","2022","Hancock - 2022","1",1201,"12","ProveN40",1354.548638
"337","Hancock","2022","Hancock - 2022","2",1201,"12","ProveN40",1262.460292
"338","Hancock","2022","Hancock - 2022","3",1201,"12","ProveN40",1050.56
"339","Hancock","2022","Hancock - 2022","4",1201,"12","ProveN40",1276.82
"340","Hancock","2022","Hancock - 2022","5",1201,"12","ProveN40",1189.49
"341","Arlington","2022","Arlington - 2022","1",1202,"12","UTC",1548.121304
"342","Arlington","2022","Arlington - 2022","2",1202,"12","UTC",1233.618381
"343","Arlington","2022","Arlington - 2022","3",1202,"12","UTC",1079.78
"344","Arlington","2022","Arlington - 2022","4",1202,"12","UTC",919.39
"345","Arlington","2022","Arlington - 2022","5",1202,"12","UTC",893.61
"346","Hancock","2022","Hancock - 2022","1",1202,"12","UTC",1526.41614
"347","Hancock","2022","Hancock - 2022","2",1202,"12","UTC",1365.654824
"348","Hancock","2022","Hancock - 2022","3",1202,"12","UTC",1114.79
"349","Hancock","2022","Hancock - 2022","4",1202,"12","UTC",1261.56
"350","Hancock","2022","Hancock - 2022","5",1202,"12","UTC",1303.04
"351","Arlington","2022","Arlington - 2022","1",1203,"12","ProveN40",1501.736723
"352","Arlington","2022","Arlington - 2022","2",1203,"12","ProveN40",1178.727473
"353","Arlington","2022","Arlington - 2022","3",1203,"12","ProveN40",1005.78
"354","Arlington","2022","Arlington - 2022","4",1203,"12","ProveN40",858.36
"355","Arlington","2022","Arlington - 2022","5",1203,"12","ProveN40",797.65
"356","Hancock","2022","Hancock - 2022","1",1203,"12","nifKO",1828.210436
"357","Hancock","2022","Hancock - 2022","2",1203,"12","nifKO",1517.115102
"358","Hancock","2022","Hancock - 2022","3",1203,"12","nifKO",1317.19
"359","Hancock","2022","Hancock - 2022","4",1203,"12","nifKO",1194.41
"360","Hancock","2022","Hancock - 2022","5",1203,"12","nifKO",1364.32
"361","Arlington","2022","Arlington - 2022","1",1301,"13","ProveN40",1718.390012
"362","Arlington","2022","Arlington - 2022","2",1301,"13","ProveN40",1322.587432
"363","Arlington","2022","Arlington - 2022","3",1301,"13","ProveN40",1412.1
"364","Arlington","2022","Arlington - 2022","4",1301,"13","ProveN40",1171.39
"365","Arlington","2022","Arlington - 2022","5",1301,"13","ProveN40",940.47
"366","Hancock","2022","Hancock - 2022","1",1301,"13","nifKO",1316.643521
"367","Hancock","2022","Hancock - 2022","2",1301,"13","nifKO",1202.093848
"368","Hancock","2022","Hancock - 2022","3",1301,"13","nifKO",1101.05
"369","Hancock","2022","Hancock - 2022","4",1301,"13","nifKO",1191.95
"370","Hancock","2022","Hancock - 2022","5",1301,"13","nifKO",1256.6
"371","Arlington","2022","Arlington - 2022","1",1302,"13","nifKO",1600.144995
"372","Arlington","2022","Arlington - 2022","2",1302,"13","nifKO",1289.694718
"373","Arlington","2022","Arlington - 2022","3",1302,"13","nifKO",1197.53
"374","Arlington","2022","Arlington - 2022","4",1302,"13","nifKO",1079.83
"375","Arlington","2022","Arlington - 2022","5",1302,"13","nifKO",1045.91
"376","Hancock","2022","Hancock - 2022","1",1302,"13","ProveN40",1402.330992
"377","Hancock","2022","Hancock - 2022","2",1302,"13","ProveN40",1185.792974
"378","Hancock","2022","Hancock - 2022","3",1302,"13","ProveN40",1099.75
"379","Hancock","2022","Hancock - 2022","4",1302,"13","ProveN40",1320.04
"380","Hancock","2022","Hancock - 2022","5",1302,"13","ProveN40",1314.89
"381","Arlington","2022","Arlington - 2022","1",1303,"13","UTC",1893.101532
"382","Arlington","2022","Arlington - 2022","2",1303,"13","UTC",1495.995791
"383","Arlington","2022","Arlington - 2022","3",1303,"13","UTC",1305.15
"384","Arlington","2022","Arlington - 2022","4",1303,"13","UTC",1016.2
"385","Arlington","2022","Arlington - 2022","5",1303,"13","UTC",1006.12
"386","Hancock","2022","Hancock - 2022","1",1303,"13","UTC",1528.108982
"387","Hancock","2022","Hancock - 2022","2",1303,"13","UTC",1515.028114
"388","Hancock","2022","Hancock - 2022","3",1303,"13","UTC",1148.32
"389","Hancock","2022","Hancock - 2022","4",1303,"13","UTC",1129.71
"390","Hancock","2022","Hancock - 2022","5",1303,"13","UTC",1282.42
"391","Arlington","2022","Arlington - 2022","1",1401,"14","nifKO",1712.189437
"392","Arlington","2022","Arlington - 2022","2",1401,"14","nifKO",1229.476444
"393","Arlington","2022","Arlington - 2022","3",1401,"14","nifKO",1098.05
"394","Arlington","2022","Arlington - 2022","4",1401,"14","nifKO",993.65
"395","Arlington","2022","Arlington - 2022","5",1401,"14","nifKO",953.11
"396","Hancock","2022","Hancock - 2022","1",1401,"14","UTC",1412.433188
"397","Hancock","2022","Hancock - 2022","2",1401,"14","UTC",1356.494652
"398","Hancock","2022","Hancock - 2022","3",1401,"14","UTC",1163.32
"399","Hancock","2022","Hancock - 2022","4",1401,"14","UTC",1295.28
"400","Hancock","2022","Hancock - 2022","5",1401,"14","UTC",1263.71
"401","Arlington","2022","Arlington - 2022","1",1402,"14","ProveN40",1585.998309
"402","Arlington","2022","Arlington - 2022","2",1402,"14","ProveN40",1279.24917
"403","Arlington","2022","Arlington - 2022","3",1402,"14","ProveN40",1192.36
"404","Arlington","2022","Arlington - 2022","4",1402,"14","ProveN40",1168.98
"405","Arlington","2022","Arlington - 2022","5",1402,"14","ProveN40",975.56
"406","Hancock","2022","Hancock - 2022","1",1402,"14","ProveN40",1611.173864
"407","Hancock","2022","Hancock - 2022","2",1402,"14","ProveN40",1446.63216
"408","Hancock","2022","Hancock - 2022","3",1402,"14","ProveN40",1183.68
"409","Hancock","2022","Hancock - 2022","4",1402,"14","ProveN40",1281.37
"410","Hancock","2022","Hancock - 2022","5",1402,"14","ProveN40",1297.14
"411","Arlington","2022","Arlington - 2022","1",1403,"14","UTC",1950.145803
"412","Arlington","2022","Arlington - 2022","2",1403,"14","UTC",1406.366314
"413","Arlington","2022","Arlington - 2022","3",1403,"14","UTC",1175.16
"414","Arlington","2022","Arlington - 2022","4",1403,"14","UTC",977.45
"415","Arlington","2022","Arlington - 2022","5",1403,"14","UTC",887.14
"416","Hancock","2022","Hancock - 2022","1",1403,"14","nifKO",1389.30923
"417","Hancock","2022","Hancock - 2022","2",1403,"14","nifKO",1166.1243
"418","Hancock","2022","Hancock - 2022","3",1403,"14","nifKO",1055.76
"419","Hancock","2022","Hancock - 2022","4",1403,"14","nifKO",1288.58
"420","Hancock","2022","Hancock - 2022","5",1403,"14","nifKO",1270.5
"421","Arlington","2022","Arlington - 2022","1",1501,"15","nifKO",1798.249547
"422","Arlington","2022","Arlington - 2022","2",1501,"15","nifKO",1321.916646
"423","Arlington","2022","Arlington - 2022","3",1501,"15","nifKO",1185.9
"424","Arlington","2022","Arlington - 2022","4",1501,"15","nifKO",989.96
"425","Arlington","2022","Arlington - 2022","5",1501,"15","nifKO",929.4
"426","Hancock","2022","Hancock - 2022","1",1501,"15","nifKO",1565.339577
"427","Hancock","2022","Hancock - 2022","2",1501,"15","nifKO",1239.753343
"428","Hancock","2022","Hancock - 2022","3",1501,"15","nifKO",1123.03
"429","Hancock","2022","Hancock - 2022","4",1501,"15","nifKO",1197.49
"430","Hancock","2022","Hancock - 2022","5",1501,"15","nifKO",1278.5
"431","Arlington","2022","Arlington - 2022","1",1502,"15","UTC",1540.045781
"432","Arlington","2022","Arlington - 2022","2",1502,"15","UTC",1145.960021
"433","Arlington","2022","Arlington - 2022","3",1502,"15","UTC",1027.71
"434","Arlington","2022","Arlington - 2022","4",1502,"15","UTC",862.99
"435","Arlington","2022","Arlington - 2022","5",1502,"15","UTC",835.65
"436","Hancock","2022","Hancock - 2022","1",1502,"15","ProveN40",1546.127906
"437","Hancock","2022","Hancock - 2022","2",1502,"15","ProveN40",1378.429688
"438","Hancock","2022","Hancock - 2022","3",1502,"15","ProveN40",1145.43
"439","Hancock","2022","Hancock - 2022","4",1502,"15","ProveN40",1449.59
"440","Hancock","2022","Hancock - 2022","5",1502,"15","ProveN40",1142.83
"441","Arlington","2022","Arlington - 2022","1",1503,"15","ProveN40",1600.41299
"442","Arlington","2022","Arlington - 2022","2",1503,"15","ProveN40",1214.782333
"443","Arlington","2022","Arlington - 2022","3",1503,"15","ProveN40",1107.63
"444","Arlington","2022","Arlington - 2022","4",1503,"15","ProveN40",991.33
"445","Arlington","2022","Arlington - 2022","5",1503,"15","ProveN40",944.08
"446","Hancock","2022","Hancock - 2022","1",1503,"15","UTC",1346.540321
"447","Hancock","2022","Hancock - 2022","2",1503,"15","UTC",1278.057778
"448","Hancock","2022","Hancock - 2022","3",1503,"15","UTC",1049.1
"449","Hancock","2022","Hancock - 2022","4",1503,"15","UTC",1452.03
"450","Hancock","2022","Hancock - 2022","5",1503,"15","UTC",1211.76
"451","Arlington","2022","Arlington - 2022","1",1601,"16","nifKO",1579.823209
"452","Arlington","2022","Arlington - 2022","2",1601,"16","nifKO",1236.878454
"453","Arlington","2022","Arlington - 2022","3",1601,"16","nifKO",1163.09
"454","Arlington","2022","Arlington - 2022","4",1601,"16","nifKO",980.56
"455","Arlington","2022","Arlington - 2022","5",1601,"16","nifKO",949.72
"456","Hancock","2022","Hancock - 2022","1",1601,"16","ProveN40",1309.313656
"457","Hancock","2022","Hancock - 2022","2",1601,"16","ProveN40",1333.731271
"458","Hancock","2022","Hancock - 2022","3",1601,"16","ProveN40",1069.36
"459","Hancock","2022","Hancock - 2022","4",1601,"16","ProveN40",1219.34
"460","Hancock","2022","Hancock - 2022","5",1601,"16","ProveN40",1060.91
"461","Arlington","2022","Arlington - 2022","1",1602,"16","UTC",1487.501384
"462","Arlington","2022","Arlington - 2022","2",1602,"16","UTC",1113.725104
"463","Arlington","2022","Arlington - 2022","3",1602,"16","UTC",1019.83
"464","Arlington","2022","Arlington - 2022","4",1602,"16","UTC",914.45
"465","Arlington","2022","Arlington - 2022","5",1602,"16","UTC",867.07
"466","Hancock","2022","Hancock - 2022","1",1602,"16","UTC",1328.665824
"467","Hancock","2022","Hancock - 2022","2",1602,"16","UTC",1333.865297
"468","Hancock","2022","Hancock - 2022","3",1602,"16","UTC",1145.81
"469","Hancock","2022","Hancock - 2022","4",1602,"16","UTC",1212.11
"470","Hancock","2022","Hancock - 2022","5",1602,"16","UTC",1310.12
"471","Arlington","2022","Arlington - 2022","1",1603,"16","ProveN40",1593.951553
"472","Arlington","2022","Arlington - 2022","2",1603,"16","ProveN40",1230.424676
"473","Arlington","2022","Arlington - 2022","3",1603,"16","ProveN40",1079.53
"474","Arlington","2022","Arlington - 2022","4",1603,"16","ProveN40",939.36
"475","Arlington","2022","Arlington - 2022","5",1603,"16","ProveN40",931.91
"476","Hancock","2022","Hancock - 2022","1",1603,"16","nifKO",1066.491461
"477","Hancock","2022","Hancock - 2022","2",1603,"16","nifKO",1069.718775
"478","Hancock","2022","Hancock - 2022","3",1603,"16","nifKO",976.63
"479","Hancock","2022","Hancock - 2022","4",1603,"16","nifKO",1196.99
"480","Hancock","2022","Hancock - 2022","5",1603,"16","nifKO",1441.76
"481","Arlington","2022","Arlington - 2022","1",1701,"17","nifKO",1997.848962
"482","Arlington","2022","Arlington - 2022","2",1701,"17","nifKO",1379.357168
"483","Arlington","2022","Arlington - 2022","3",1701,"17","nifKO",1176.49
"484","Arlington","2022","Arlington - 2022","4",1701,"17","nifKO",994.27
"485","Arlington","2022","Arlington - 2022","5",1701,"17","nifKO",961.89
"486","Hancock","2022","Hancock - 2022","1",1701,"17","ProveN40",1430.130837
"487","Hancock","2022","Hancock - 2022","2",1701,"17","ProveN40",1154.410565
"488","Hancock","2022","Hancock - 2022","3",1701,"17","ProveN40",956.35
"489","Hancock","2022","Hancock - 2022","4",1701,"17","ProveN40",1138.57
"490","Hancock","2022","Hancock - 2022","5",1701,"17","ProveN40",1208.29
"491","Arlington","2022","Arlington - 2022","1",1702,"17","ProveN40",1818.511212
"492","Arlington","2022","Arlington - 2022","2",1702,"17","ProveN40",1222.787856
"493","Arlington","2022","Arlington - 2022","3",1702,"17","ProveN40",1038.63
"494","Arlington","2022","Arlington - 2022","4",1702,"17","ProveN40",919.91
"495","Arlington","2022","Arlington - 2022","5",1702,"17","ProveN40",865.26
"496","Hancock","2022","Hancock - 2022","1",1702,"17","UTC",1297.477562
"497","Hancock","2022","Hancock - 2022","2",1702,"17","UTC",1144.521811
"498","Hancock","2022","Hancock - 2022","3",1702,"17","UTC",1014.17
"499","Hancock","2022","Hancock - 2022","4",1702,"17","UTC",1324.33
"500","Hancock","2022","Hancock - 2022","5",1702,"17","UTC",1228.51
"501","Arlington","2022","Arlington - 2022","1",1703,"17","UTC",2134.818406
"502","Arlington","2022","Arlington - 2022","2",1703,"17","UTC",1459.025705
"503","Arlington","2022","Arlington - 2022","3",1703,"17","UTC",1200.84
"504","Arlington","2022","Arlington - 2022","4",1703,"17","UTC",986.61
"505","Arlington","2022","Arlington - 2022","5",1703,"17","UTC",937.57
"506","Hancock","2022","Hancock - 2022","1",1703,"17","nifKO",1272.746245
"507","Hancock","2022","Hancock - 2022","2",1703,"17","nifKO",1125.172585
"508","Hancock","2022","Hancock - 2022","3",1703,"17","nifKO",1024.54
"509","Hancock","2022","Hancock - 2022","4",1703,"17","nifKO",1193.69
"510","Hancock","2022","Hancock - 2022","5",1703,"17","nifKO",1238.77
"511","Arlington","2022","Arlington - 2022","1",1801,"18","ProveN40",1718.517244
"512","Arlington","2022","Arlington - 2022","2",1801,"18","ProveN40",1403.444678
"513","Arlington","2022","Arlington - 2022","3",1801,"18","ProveN40",1236.22
"514","Arlington","2022","Arlington - 2022","4",1801,"18","ProveN40",1053.16
"515","Arlington","2022","Arlington - 2022","5",1801,"18","ProveN40",1020.68
"516","Hancock","2022","Hancock - 2022","1",1801,"18","UTC",1512.060939
"517","Hancock","2022","Hancock - 2022","2",1801,"18","UTC",1456.997565
"518","Hancock","2022","Hancock - 2022","3",1801,"18","UTC",1334.19
"519","Hancock","2022","Hancock - 2022","4",1801,"18","UTC",1209.62
"520","Hancock","2022","Hancock - 2022","5",1801,"18","UTC",1268.34
"521","Arlington","2022","Arlington - 2022","1",1802,"18","UTC",1651.865806
"522","Arlington","2022","Arlington - 2022","2",1802,"18","UTC",1323.039737
"523","Arlington","2022","Arlington - 2022","3",1802,"18","UTC",1225.01
"524","Arlington","2022","Arlington - 2022","4",1802,"18","UTC",996.99
"525","Arlington","2022","Arlington - 2022","5",1802,"18","UTC",952.96
"526","Hancock","2022","Hancock - 2022","1",1802,"18","nifKO",1574.279282
"527","Hancock","2022","Hancock - 2022","2",1802,"18","nifKO",1323.474699
"528","Hancock","2022","Hancock - 2022","3",1802,"18","nifKO",1217.16
"529","Hancock","2022","Hancock - 2022","4",1802,"18","nifKO",1269.81
"530","Hancock","2022","Hancock - 2022","5",1802,"18","nifKO",1504.84
"531","Arlington","2022","Arlington - 2022","1",1803,"18","nifKO",1563.111326
"532","Arlington","2022","Arlington - 2022","2",1803,"18","nifKO",1248.807802
"533","Arlington","2022","Arlington - 2022","3",1803,"18","nifKO",1117.89
"534","Arlington","2022","Arlington - 2022","4",1803,"18","nifKO",941.53
"535","Arlington","2022","Arlington - 2022","5",1803,"18","nifKO",900.56
"536","Hancock","2022","Hancock - 2022","1",1803,"18","ProveN40",1284.514547
"537","Hancock","2022","Hancock - 2022","2",1803,"18","ProveN40",1150.841222
"538","Hancock","2022","Hancock - 2022","3",1803,"18","ProveN40",956.36
"539","Hancock","2022","Hancock - 2022","4",1803,"18","ProveN40",1276.88
"540","Hancock","2022","Hancock - 2022","5",1803,"18","ProveN40",1213.91
"541","Arlington","2022","Arlington - 2022","1",1901,"19","nifKO",1690.613083
"542","Arlington","2022","Arlington - 2022","2",1901,"19","nifKO",1348.417203
"543","Arlington","2022","Arlington - 2022","3",1901,"19","nifKO",1140.68
"544","Arlington","2022","Arlington - 2022","4",1901,"19","nifKO",1008.01
"545","Arlington","2022","Arlington - 2022","5",1901,"19","nifKO",901.1
"546","Hancock","2022","Hancock - 2022","1",1901,"19","UTC",1500.320146
"547","Hancock","2022","Hancock - 2022","2",1901,"19","UTC",1429.816341
"548","Hancock","2022","Hancock - 2022","3",1901,"19","UTC",1189.34
"549","Hancock","2022","Hancock - 2022","4",1901,"19","UTC",1238.13
"550","Hancock","2022","Hancock - 2022","5",1901,"19","UTC",1285.04
"551","Arlington","2022","Arlington - 2022","1",1902,"19","UTC",1973.791586
"552","Arlington","2022","Arlington - 2022","2",1902,"19","UTC",1537.505203
"553","Arlington","2022","Arlington - 2022","3",1902,"19","UTC",1283.26
"554","Arlington","2022","Arlington - 2022","4",1902,"19","UTC",994.71
"555","Arlington","2022","Arlington - 2022","5",1902,"19","UTC",947.11
"556","Hancock","2022","Hancock - 2022","1",1902,"19","ProveN40",1599.308295
"557","Hancock","2022","Hancock - 2022","2",1902,"19","ProveN40",1709.26811
"558","Hancock","2022","Hancock - 2022","3",1902,"19","ProveN40",1174.92
"559","Hancock","2022","Hancock - 2022","4",1902,"19","ProveN40",1311
"560","Hancock","2022","Hancock - 2022","5",1902,"19","ProveN40",1189.36
"561","Arlington","2022","Arlington - 2022","1",1903,"19","ProveN40",1696.962901
"562","Arlington","2022","Arlington - 2022","2",1903,"19","ProveN40",1244.282464
"563","Arlington","2022","Arlington - 2022","3",1903,"19","ProveN40",991.88
"564","Arlington","2022","Arlington - 2022","4",1903,"19","ProveN40",863.17
"565","Arlington","2022","Arlington - 2022","5",1903,"19","ProveN40",817.32
"566","Hancock","2022","Hancock - 2022","1",1903,"19","nifKO",1666.689639
"567","Hancock","2022","Hancock - 2022","2",1903,"19","nifKO",1360.173837
"568","Hancock","2022","Hancock - 2022","3",1903,"19","nifKO",1196.71
"569","Hancock","2022","Hancock - 2022","4",1903,"19","nifKO",1275.59
"570","Hancock","2022","Hancock - 2022","5",1903,"19","nifKO",1273.6
"571","Arlington","2022","Arlington - 2022","1",2001,"20","UTC",1686.026153
"572","Arlington","2022","Arlington - 2022","2",2001,"20","UTC",1244.644171
"573","Arlington","2022","Arlington - 2022","3",2001,"20","UTC",1034.38
"574","Arlington","2022","Arlington - 2022","4",2001,"20","UTC",870.66
"575","Arlington","2022","Arlington - 2022","5",2001,"20","UTC",858.74
"576","Hancock","2022","Hancock - 2022","1",2001,"20","nifKO",1512.203401
"577","Hancock","2022","Hancock - 2022","2",2001,"20","nifKO",1271.494499
"578","Hancock","2022","Hancock - 2022","3",2001,"20","nifKO",1227.84
"579","Hancock","2022","Hancock - 2022","4",2001,"20","nifKO",1279.18
"580","Hancock","2022","Hancock - 2022","5",2001,"20","nifKO",1401.28
"581","Arlington","2022","Arlington - 2022","1",2002,"20","ProveN40",1727.699159
"582","Arlington","2022","Arlington - 2022","2",2002,"20","ProveN40",1329.893192
"583","Arlington","2022","Arlington - 2022","3",2002,"20","ProveN40",1045.87
"584","Arlington","2022","Arlington - 2022","4",2002,"20","ProveN40",876.87
"585","Arlington","2022","Arlington - 2022","5",2002,"20","ProveN40",613.3
"586","Hancock","2022","Hancock - 2022","1",2002,"20","ProveN40",1452.137701
"587","Hancock","2022","Hancock - 2022","2",2002,"20","ProveN40",1476.501981
"588","Hancock","2022","Hancock - 2022","3",2002,"20","ProveN40",1174.46
"589","Hancock","2022","Hancock - 2022","4",2002,"20","ProveN40",1274.22
"590","Hancock","2022","Hancock - 2022","5",2002,"20","ProveN40",1289.97
"591","Arlington","2022","Arlington - 2022","1",2003,"20","nifKO",1750.245189
"592","Arlington","2022","Arlington - 2022","2",2003,"20","nifKO",1247.061215
"593","Arlington","2022","Arlington - 2022","3",2003,"20","nifKO",1054.6
"594","Arlington","2022","Arlington - 2022","4",2003,"20","nifKO",922.69
"595","Arlington","2022","Arlington - 2022","5",2003,"20","nifKO",866.81
"596","Hancock","2022","Hancock - 2022","1",2003,"20","UTC",1193.195741
"597","Hancock","2022","Hancock - 2022","2",2003,"20","UTC",1391.368809
"598","Hancock","2022","Hancock - 2022","3",2003,"20","UTC",1058.21
"599","Hancock","2022","Hancock - 2022","4",2003,"20","UTC",1243.43
"600","Hancock","2022","Hancock - 2022","5",2003,"20","UTC",1359.76
"601","Arlington","2022","Arlington - 2022","1",2101,"21","ProveN40",1564.035558
"602","Arlington","2022","Arlington - 2022","2",2101,"21","ProveN40",1219.560467
"603","Arlington","2022","Arlington - 2022","3",2101,"21","ProveN40",898.57
"604","Arlington","2022","Arlington - 2022","4",2101,"21","ProveN40",814.84
"605","Arlington","2022","Arlington - 2022","5",2101,"21","ProveN40",759.9
"606","Hancock","2022","Hancock - 2022","1",2101,"21","nifKO",1472.877148
"607","Hancock","2022","Hancock - 2022","2",2101,"21","nifKO",1393.714781
"608","Hancock","2022","Hancock - 2022","3",2101,"21","nifKO",1069.44
"609","Hancock","2022","Hancock - 2022","4",2101,"21","nifKO",1394.45
"610","Hancock","2022","Hancock - 2022","5",2101,"21","nifKO",1245.65
"611","Arlington","2022","Arlington - 2022","1",2102,"21","nifKO",1447.747415
"612","Arlington","2022","Arlington - 2022","2",2102,"21","nifKO",1123.910862
"613","Arlington","2022","Arlington - 2022","3",2102,"21","nifKO",959.85
"614","Arlington","2022","Arlington - 2022","4",2102,"21","nifKO",882.87
"615","Arlington","2022","Arlington - 2022","5",2102,"21","nifKO",829.79
"616","Hancock","2022","Hancock - 2022","1",2102,"21","ProveN40",1594.696472
"617","Hancock","2022","Hancock - 2022","2",2102,"21","ProveN40",1725.883394
"618","Hancock","2022","Hancock - 2022","3",2102,"21","ProveN40",1177.03
"619","Hancock","2022","Hancock - 2022","4",2102,"21","ProveN40",1300.54
"620","Hancock","2022","Hancock - 2022","5",2102,"21","ProveN40",1291.06
"621","Arlington","2022","Arlington - 2022","1",2103,"21","UTC",1536.161601
"622","Arlington","2022","Arlington - 2022","2",2103,"21","UTC",1181.454301
"623","Arlington","2022","Arlington - 2022","3",2103,"21","UTC",1020.61
"624","Arlington","2022","Arlington - 2022","4",2103,"21","UTC",864.28
"625","Arlington","2022","Arlington - 2022","5",2103,"21","UTC",826.75
"626","Hancock","2022","Hancock - 2022","1",2103,"21","UTC",1312.74354
"627","Hancock","2022","Hancock - 2022","2",2103,"21","UTC",1489.51265
"628","Hancock","2022","Hancock - 2022","3",2103,"21","UTC",1152.36
"629","Hancock","2022","Hancock - 2022","4",2103,"21","UTC",1165.82
"630","Hancock","2022","Hancock - 2022","5",2103,"21","UTC",1266.66
"631","Arlington","2022","Arlington - 2022","1",2201,"22","UTC",1776.135772
"632","Arlington","2022","Arlington - 2022","2",2201,"22","UTC",1349.931519
"633","Arlington","2022","Arlington - 2022","3",2201,"22","UTC",1154.64
"634","Arlington","2022","Arlington - 2022","4",2201,"22","UTC",988.1
"635","Arlington","2022","Arlington - 2022","5",2201,"22","UTC",904.51
"636","Hancock","2022","Hancock - 2022","1",2201,"22","UTC",1261.393536
"637","Hancock","2022","Hancock - 2022","2",2201,"22","UTC",1385.819296
"638","Hancock","2022","Hancock - 2022","3",2201,"22","UTC",1251.21
"639","Hancock","2022","Hancock - 2022","4",2201,"22","UTC",1264.34
"640","Hancock","2022","Hancock - 2022","5",2201,"22","UTC",1439.82
"641","Arlington","2022","Arlington - 2022","1",2202,"22","nifKO",1239.306879
"642","Arlington","2022","Arlington - 2022","2",2202,"22","nifKO",1031.81472
"643","Arlington","2022","Arlington - 2022","3",2202,"22","nifKO",1139.3
"644","Arlington","2022","Arlington - 2022","4",2202,"22","nifKO",839.24
"645","Arlington","2022","Arlington - 2022","5",2202,"22","nifKO",799.41
"646","Hancock","2022","Hancock - 2022","1",2202,"22","nifKO",1479.776215
"647","Hancock","2022","Hancock - 2022","2",2202,"22","nifKO",1191.828207
"648","Hancock","2022","Hancock - 2022","3",2202,"22","nifKO",1059.3
"649","Hancock","2022","Hancock - 2022","4",2202,"22","nifKO",1216.36
"650","Hancock","2022","Hancock - 2022","5",2202,"22","nifKO",1234.68
"651","Arlington","2022","Arlington - 2022","1",2203,"22","ProveN40",1711.332799
"652","Arlington","2022","Arlington - 2022","2",2203,"22","ProveN40",1341.786805
"653","Arlington","2022","Arlington - 2022","3",2203,"22","ProveN40",925.53
"654","Arlington","2022","Arlington - 2022","4",2203,"22","ProveN40",957.02
"655","Arlington","2022","Arlington - 2022","5",2203,"22","ProveN40",931.32
"656","Hancock","2022","Hancock - 2022","1",2203,"22","ProveN40",1365.750027
"657","Hancock","2022","Hancock - 2022","2",2203,"22","ProveN40",1351.199085
"658","Hancock","2022","Hancock - 2022","3",2203,"22","ProveN40",1123.2
"659","Hancock","2022","Hancock - 2022","4",2203,"22","ProveN40",1245.2
"660","Hancock","2022","Hancock - 2022","5",2203,"22","ProveN40",1258.83
"661","Arlington","2022","Arlington - 2022","1",2301,"23","ProveN40",1305.428745
"662","Arlington","2022","Arlington - 2022","2",2301,"23","ProveN40",1107.678094
"663","Arlington","2022","Arlington - 2022","3",2301,"23","ProveN40",1329.67
"664","Arlington","2022","Arlington - 2022","4",2301,"23","ProveN40",848.96
"665","Arlington","2022","Arlington - 2022","5",2301,"23","ProveN40",828.74
"666","Hancock","2022","Hancock - 2022","1",2301,"23","UTC",1565.657905
"667","Hancock","2022","Hancock - 2022","2",2301,"23","UTC",1466.787886
"668","Hancock","2022","Hancock - 2022","3",2301,"23","UTC",1128.57
"669","Hancock","2022","Hancock - 2022","4",2301,"23","UTC",1289.22
"670","Hancock","2022","Hancock - 2022","5",2301,"23","UTC",1262.27
"671","Arlington","2022","Arlington - 2022","1",2302,"23","nifKO",1417.433002
"672","Arlington","2022","Arlington - 2022","2",2302,"23","nifKO",1132.737128
"673","Arlington","2022","Arlington - 2022","3",2302,"23","nifKO",935.36
"674","Arlington","2022","Arlington - 2022","4",2302,"23","nifKO",840.7
"675","Arlington","2022","Arlington - 2022","5",2302,"23","nifKO",827.96
"676","Hancock","2022","Hancock - 2022","1",2302,"23","nifKO",1532.903549
"677","Hancock","2022","Hancock - 2022","2",2302,"23","nifKO",1068.09151
"678","Hancock","2022","Hancock - 2022","3",2302,"23","nifKO",1051.11
"679","Hancock","2022","Hancock - 2022","4",2302,"23","nifKO",1208.47
"680","Hancock","2022","Hancock - 2022","5",2302,"23","nifKO",1238.55
"681","Arlington","2022","Arlington - 2022","1",2303,"23","UTC",1480.514366
"682","Arlington","2022","Arlington - 2022","2",2303,"23","UTC",1255.450218
"683","Arlington","2022","Arlington - 2022","3",2303,"23","UTC",1208.57
"684","Arlington","2022","Arlington - 2022","4",2303,"23","UTC",1032.97
"685","Arlington","2022","Arlington - 2022","5",2303,"23","UTC",956.16
"686","Hancock","2022","Hancock - 2022","1",2303,"23","ProveN40",1255.222497
"687","Hancock","2022","Hancock - 2022","2",2303,"23","ProveN40",1220.774372
"688","Hancock","2022","Hancock - 2022","3",2303,"23","ProveN40",1057.86
"689","Hancock","2022","Hancock - 2022","4",2303,"23","ProveN40",1257.77
"690","Hancock","2022","Hancock - 2022","5",2303,"23","ProveN40",1242.93
"691","Arlington","2022","Arlington - 2022","1",2401,"24","nifKO",1790.494595
"692","Arlington","2022","Arlington - 2022","2",2401,"24","nifKO",1251.455343
"693","Arlington","2022","Arlington - 2022","3",2401,"24","nifKO",1027.41
"694","Arlington","2022","Arlington - 2022","4",2401,"24","nifKO",960.56
"695","Arlington","2022","Arlington - 2022","5",2401,"24","nifKO",868.68
"696","Hancock","2022","Hancock - 2022","1",2401,"24","ProveN40",1402.023673
"697","Hancock","2022","Hancock - 2022","2",2401,"24","ProveN40",1337.300741
"698","Hancock","2022","Hancock - 2022","3",2401,"24","ProveN40",1106.48
"699","Hancock","2022","Hancock - 2022","4",2401,"24","ProveN40",1285.33
"700","Hancock","2022","Hancock - 2022","5",2401,"24","ProveN40",1294.85
"701","Arlington","2022","Arlington - 2022","1",2402,"24","ProveN40",1899.695951
"702","Arlington","2022","Arlington - 2022","2",2402,"24","ProveN40",1357.854854
"703","Arlington","2022","Arlington - 2022","3",2402,"24","ProveN40",1162.59
"704","Arlington","2022","Arlington - 2022","4",2402,"24","ProveN40",1034.55
"705","Arlington","2022","Arlington - 2022","5",2402,"24","ProveN40",981.73
"706","Hancock","2022","Hancock - 2022","1",2402,"24","nifKO",1352.84498
"707","Hancock","2022","Hancock - 2022","2",2402,"24","nifKO",980.6014998
"708","Hancock","2022","Hancock - 2022","3",2402,"24","nifKO",946.26
"709","Hancock","2022","Hancock - 2022","4",2402,"24","nifKO",1135.63
"710","Hancock","2022","Hancock - 2022","5",2402,"24","nifKO",1133.75
"711","Arlington","2022","Arlington - 2022","1",2403,"24","UTC",1855.543225
"712","Arlington","2022","Arlington - 2022","2",2403,"24","UTC",1224.951312
"713","Arlington","2022","Arlington - 2022","3",2403,"24","UTC",1074.89
"714","Arlington","2022","Arlington - 2022","4",2403,"24","UTC",934.73
"715","Arlington","2022","Arlington - 2022","5",2403,"24","UTC",901.12
"716","Hancock","2022","Hancock - 2022","1",2403,"24","UTC",1359.200728
"717","Hancock","2022","Hancock - 2022","2",2403,"24","UTC",1107.245214
"718","Hancock","2022","Hancock - 2022","3",2403,"24","UTC",963.25
"719","Hancock","2022","Hancock - 2022","4",2403,"24","UTC",1157.84
"720","Hancock","2022","Hancock - 2022","5",2403,"24","UTC",1213.86
"721","Arlington","2022","Arlington - 2022","1",2501,"25","nifKO",2045.381323
"722","Arlington","2022","Arlington - 2022","2",2501,"25","nifKO",1448.544546
"723","Arlington","2022","Arlington - 2022","3",2501,"25","nifKO",1182.69
"724","Arlington","2022","Arlington - 2022","4",2501,"25","nifKO",993.19
"725","Arlington","2022","Arlington - 2022","5",2501,"25","nifKO",946.31
"726","Hancock","2022","Hancock - 2022","1",2501,"25","nifKO",1276.250798
"727","Hancock","2022","Hancock - 2022","2",2501,"25","nifKO",1016.598182
"728","Hancock","2022","Hancock - 2022","3",2501,"25","nifKO",1041.05
"729","Hancock","2022","Hancock - 2022","4",2501,"25","nifKO",1245.01
"730","Hancock","2022","Hancock - 2022","5",2501,"25","nifKO",1248.25
"731","Arlington","2022","Arlington - 2022","1",2502,"25","ProveN40",1603.152326
"732","Arlington","2022","Arlington - 2022","2",2502,"25","ProveN40",1337.121757
"733","Arlington","2022","Arlington - 2022","3",2502,"25","ProveN40",1101.19
"734","Arlington","2022","Arlington - 2022","4",2502,"25","ProveN40",941.72
"735","Arlington","2022","Arlington - 2022","5",2502,"25","ProveN40",775.79
"736","Hancock","2022","Hancock - 2022","1",2502,"25","ProveN40",1270.413806
"737","Hancock","2022","Hancock - 2022","2",2502,"25","ProveN40",1405.482763
"738","Hancock","2022","Hancock - 2022","3",2502,"25","ProveN40",1018.94
"739","Hancock","2022","Hancock - 2022","4",2502,"25","ProveN40",1258.12
"740","Hancock","2022","Hancock - 2022","5",2502,"25","ProveN40",1095.27
"741","Arlington","2022","Arlington - 2022","1",2503,"25","UTC",2029.525405
"742","Arlington","2022","Arlington - 2022","2",2503,"25","UTC",1526.235299
"743","Arlington","2022","Arlington - 2022","3",2503,"25","UTC",1250.89
"744","Arlington","2022","Arlington - 2022","4",2503,"25","UTC",1021.09
"745","Arlington","2022","Arlington - 2022","5",2503,"25","UTC",801.57
"746","Hancock","2022","Hancock - 2022","1",2503,"25","UTC",1332.546672
"747","Hancock","2022","Hancock - 2022","2",2503,"25","UTC",1187.527646
"748","Hancock","2022","Hancock - 2022","3",2503,"25","UTC",1031.78
"749","Hancock","2022","Hancock - 2022","4",2503,"25","UTC",1185.38
"750","Hancock","2022","Hancock - 2022","5",2503,"25","UTC",1241.23
"751","Arlington","2022","Arlington - 2022","1",2601,"26","nifKO",1785.093173
"752","Arlington","2022","Arlington - 2022","2",2601,"26","nifKO",1327.238216
"753","Arlington","2022","Arlington - 2022","3",2601,"26","nifKO",1084.84
"754","Arlington","2022","Arlington - 2022","4",2601,"26","nifKO",944.99
"755","Arlington","2022","Arlington - 2022","5",2601,"26","nifKO",867.87
"756","Hancock","2022","Hancock - 2022","1",2601,"26","UTC",1237.134798
"757","Hancock","2022","Hancock - 2022","2",2601,"26","UTC",1362.038284
"758","Hancock","2022","Hancock - 2022","3",2601,"26","UTC",1067.58
"759","Hancock","2022","Hancock - 2022","4",2601,"26","UTC",1235.67
"760","Hancock","2022","Hancock - 2022","5",2601,"26","UTC",1206.38
"761","Arlington","2022","Arlington - 2022","1",2602,"26","UTC",1639.826625
"762","Arlington","2022","Arlington - 2022","2",2602,"26","UTC",1233.291242
"763","Arlington","2022","Arlington - 2022","3",2602,"26","UTC",1107.33
"764","Arlington","2022","Arlington - 2022","4",2602,"26","UTC",957.05
"765","Arlington","2022","Arlington - 2022","5",2602,"26","UTC",823.01
"766","Hancock","2022","Hancock - 2022","1",2602,"26","ProveN40",1332.08883
"767","Hancock","2022","Hancock - 2022","2",2602,"26","ProveN40",1562.761952
"768","Hancock","2022","Hancock - 2022","3",2602,"26","ProveN40",1108.08
"769","Hancock","2022","Hancock - 2022","4",2602,"26","ProveN40",982.43
"770","Hancock","2022","Hancock - 2022","5",2602,"26","ProveN40",1312.44
"771","Arlington","2022","Arlington - 2022","1",2603,"26","ProveN40",1827.80015
"772","Arlington","2022","Arlington - 2022","2",2603,"26","ProveN40",1292.282559
"773","Arlington","2022","Arlington - 2022","3",2603,"26","ProveN40",1109.49
"774","Arlington","2022","Arlington - 2022","4",2603,"26","ProveN40",854.84
"775","Arlington","2022","Arlington - 2022","5",2603,"26","ProveN40",786.5
"776","Hancock","2022","Hancock - 2022","1",2603,"26","nifKO",1273.208016
"777","Hancock","2022","Hancock - 2022","2",2603,"26","nifKO",1107.827167
"778","Hancock","2022","Hancock - 2022","3",2603,"26","nifKO",1050.23
"779","Hancock","2022","Hancock - 2022","4",2603,"26","nifKO",1198.22
"780","Hancock","2022","Hancock - 2022","5",2603,"26","nifKO",1253.96
"781","Arlington","2022","Arlington - 2022","1",2701,"27","nifKO",1739.153396
"782","Arlington","2022","Arlington - 2022","2",2701,"27","nifKO",1316.463123
"783","Arlington","2022","Arlington - 2022","3",2701,"27","nifKO",1070.46
"784","Arlington","2022","Arlington - 2022","4",2701,"27","nifKO",892.03
"785","Arlington","2022","Arlington - 2022","5",2701,"27","nifKO",827.43
"786","Hancock","2022","Hancock - 2022","1",2701,"27","ProveN40",1119.541708
"787","Hancock","2022","Hancock - 2022","2",2701,"27","ProveN40",1025.215917
"788","Hancock","2022","Hancock - 2022","3",2701,"27","ProveN40",913.58
"789","Hancock","2022","Hancock - 2022","4",2701,"27","ProveN40",1117.12
"790","Hancock","2022","Hancock - 2022","5",2701,"27","ProveN40",1125.66
"791","Arlington","2022","Arlington - 2022","1",2702,"27","UTC",1662.681739
"792","Arlington","2022","Arlington - 2022","2",2702,"27","UTC",1354.258461
"793","Arlington","2022","Arlington - 2022","3",2702,"27","UTC",1108.6
"794","Arlington","2022","Arlington - 2022","4",2702,"27","UTC",961.54
"795","Arlington","2022","Arlington - 2022","5",2702,"27","UTC",913.33
"796","Hancock","2022","Hancock - 2022","1",2702,"27","nifKO",1127.001272
"797","Hancock","2022","Hancock - 2022","2",2702,"27","nifKO",899.490865
"798","Hancock","2022","Hancock - 2022","3",2702,"27","nifKO",976.52
"799","Hancock","2022","Hancock - 2022","4",2702,"27","nifKO",1210.51
"800","Hancock","2022","Hancock - 2022","5",2702,"27","nifKO",1249.64
"801","Arlington","2022","Arlington - 2022","1",2703,"27","ProveN40",2132.230959
"802","Arlington","2022","Arlington - 2022","2",2703,"27","ProveN40",1454.470445
"803","Arlington","2022","Arlington - 2022","3",2703,"27","ProveN40",1182.23
"804","Arlington","2022","Arlington - 2022","4",2703,"27","ProveN40",1032.76
"805","Arlington","2022","Arlington - 2022","5",2703,"27","ProveN40",859.46
"806","Hancock","2022","Hancock - 2022","1",2703,"27","UTC",1058.733625
"807","Hancock","2022","Hancock - 2022","2",2703,"27","UTC",1261.294008
"808","Hancock","2022","Hancock - 2022","3",2703,"27","UTC",961.47
"809","Hancock","2022","Hancock - 2022","4",2703,"27","UTC",1209.69
"810","Hancock","2022","Hancock - 2022","5",2703,"27","UTC",1224.83
"811","Arlington","2022","Arlington - 2022","1",2801,"28","ProveN40",1532.212975
"812","Arlington","2022","Arlington - 2022","2",2801,"28","ProveN40",1229.985659
"813","Arlington","2022","Arlington - 2022","3",2801,"28","ProveN40",1148.35
"814","Arlington","2022","Arlington - 2022","4",2801,"28","ProveN40",1014.15
"815","Arlington","2022","Arlington - 2022","5",2801,"28","ProveN40",921.11
"816","Hancock","2022","Hancock - 2022","1",2801,"28","nifKO",1783.187247
"817","Hancock","2022","Hancock - 2022","2",2801,"28","nifKO",1112.014418
"818","Hancock","2022","Hancock - 2022","3",2801,"28","nifKO",981.99
"819","Hancock","2022","Hancock - 2022","4",2801,"28","nifKO",1191.52
"820","Hancock","2022","Hancock - 2022","5",2801,"28","nifKO",1214.15
"821","Arlington","2022","Arlington - 2022","1",2802,"28","UTC",1536.479746
"822","Arlington","2022","Arlington - 2022","2",2802,"28","UTC",1300.028792
"823","Arlington","2022","Arlington - 2022","3",2802,"28","UTC",1172.59
"824","Arlington","2022","Arlington - 2022","4",2802,"28","UTC",974.1
"825","Arlington","2022","Arlington - 2022","5",2802,"28","UTC",899.44
"826","Hancock","2022","Hancock - 2022","1",2802,"28","ProveN40",1819.042892
"827","Hancock","2022","Hancock - 2022","2",2802,"28","ProveN40",1682.01516
"828","Hancock","2022","Hancock - 2022","3",2802,"28","ProveN40",1224.31
"829","Hancock","2022","Hancock - 2022","4",2802,"28","ProveN40",1380.48
"830","Hancock","2022","Hancock - 2022","5",2802,"28","ProveN40",1353.18
"831","Arlington","2022","Arlington - 2022","1",2803,"28","nifKO",1349.524085
"832","Arlington","2022","Arlington - 2022","2",2803,"28","nifKO",1073.858512
"833","Arlington","2022","Arlington - 2022","3",2803,"28","nifKO",926.62
"834","Arlington","2022","Arlington - 2022","4",2803,"28","nifKO",814.48
"835","Arlington","2022","Arlington - 2022","5",2803,"28","nifKO",796.58
"836","Hancock","2022","Hancock - 2022","1",2803,"28","UTC",1621.315003
"837","Hancock","2022","Hancock - 2022","2",2803,"28","UTC",1589.059411
"838","Hancock","2022","Hancock - 2022","3",2803,"28","UTC",1204.72
"839","Hancock","2022","Hancock - 2022","4",2803,"28","UTC",1401.85
"840","Hancock","2022","Hancock - 2022","5",2803,"28","UTC",1418.42
"841","Arlington","2022","Arlington - 2022","1",2901,"29","UTC",1467.830839
"842","Arlington","2022","Arlington - 2022","2",2901,"29","UTC",1134.022129
"843","Arlington","2022","Arlington - 2022","3",2901,"29","UTC",1052.94
"844","Arlington","2022","Arlington - 2022","4",2901,"29","UTC",918.25
"845","Arlington","2022","Arlington - 2022","5",2901,"29","UTC",846.83
"846","Hancock","2022","Hancock - 2022","1",2901,"29","UTC",1188.523451
"847","Hancock","2022","Hancock - 2022","2",2901,"29","UTC",1407.863847
"848","Hancock","2022","Hancock - 2022","3",2901,"29","UTC",1069.1
"849","Hancock","2022","Hancock - 2022","4",2901,"29","UTC",1233.14
"850","Hancock","2022","Hancock - 2022","5",2901,"29","UTC",1220.26
"851","Arlington","2022","Arlington - 2022","1",2902,"29","nifKO",1418.030027
"852","Arlington","2022","Arlington - 2022","2",2902,"29","nifKO",1034.239821
"853","Arlington","2022","Arlington - 2022","3",2902,"29","nifKO",892.16
"854","Arlington","2022","Arlington - 2022","4",2902,"29","nifKO",806.44
"855","Arlington","2022","Arlington - 2022","5",2902,"29","nifKO",792.34
"856","Hancock","2022","Hancock - 2022","1",2902,"29","nifKO",1665.281389
"857","Hancock","2022","Hancock - 2022","2",2902,"29","nifKO",1194.702056
"858","Hancock","2022","Hancock - 2022","3",2902,"29","nifKO",1065.84
"859","Hancock","2022","Hancock - 2022","4",2902,"29","nifKO",1185.63
"860","Hancock","2022","Hancock - 2022","5",2902,"29","nifKO",1230.8
"861","Arlington","2022","Arlington - 2022","1",2903,"29","ProveN40",1605.538416
"862","Arlington","2022","Arlington - 2022","2",2903,"29","ProveN40",1165.235483
"863","Arlington","2022","Arlington - 2022","3",2903,"29","ProveN40",1027.85
"864","Arlington","2022","Arlington - 2022","4",2903,"29","ProveN40",888.28
"865","Arlington","2022","Arlington - 2022","5",2903,"29","ProveN40",827.39
"866","Hancock","2022","Hancock - 2022","1",2903,"29","ProveN40",1259.343869
"867","Hancock","2022","Hancock - 2022","2",2903,"29","ProveN40",1312.390321
"868","Hancock","2022","Hancock - 2022","3",2903,"29","ProveN40",1038.5
"869","Hancock","2022","Hancock - 2022","4",2903,"29","ProveN40",1225.7
"870","Hancock","2022","Hancock - 2022","5",2903,"29","ProveN40",1221.62
"871","Arlington","2022","Arlington - 2022","1",3001,"30","UTC",1625.470661
"872","Arlington","2022","Arlington - 2022","2",3001,"30","UTC",1228.062686
"873","Arlington","2022","Arlington - 2022","3",3001,"30","UTC",1000.39
"874","Arlington","2022","Arlington - 2022","4",3001,"30","UTC",873.79
"875","Arlington","2022","Arlington - 2022","5",3001,"30","UTC",819.95
"876","Hancock","2022","Hancock - 2022","1",3001,"30","nifKO",1741.732684
"877","Hancock","2022","Hancock - 2022","2",3001,"30","nifKO",1261.830732
"878","Hancock","2022","Hancock - 2022","3",3001,"30","nifKO",1141.88
"879","Hancock","2022","Hancock - 2022","4",3001,"30","nifKO",1200.21
"880","Hancock","2022","Hancock - 2022","5",3001,"30","nifKO",1243.19
"881","Arlington","2022","Arlington - 2022","1",3002,"30","ProveN40",1971.501396
"882","Arlington","2022","Arlington - 2022","2",3002,"30","ProveN40",1398.104474
"883","Arlington","2022","Arlington - 2022","3",3002,"30","ProveN40",1224.95
"884","Arlington","2022","Arlington - 2022","4",3002,"30","ProveN40",980.05
"885","Arlington","2022","Arlington - 2022","5",3002,"30","ProveN40",894.01
"886","Hancock","2022","Hancock - 2022","1",3002,"30","ProveN40",1460.393556
"887","Hancock","2022","Hancock - 2022","2",3002,"30","ProveN40",1511.202288
"888","Hancock","2022","Hancock - 2022","3",3002,"30","ProveN40",1225.62
"889","Hancock","2022","Hancock - 2022","4",3002,"30","ProveN40",1395.61
"890","Hancock","2022","Hancock - 2022","5",3002,"30","ProveN40",1353.87
"891","Arlington","2022","Arlington - 2022","1",3003,"30","nifKO",1520.315249
"892","Arlington","2022","Arlington - 2022","2",3003,"30","nifKO",1224.475348
"893","Arlington","2022","Arlington - 2022","3",3003,"30","nifKO",1043.47
"894","Arlington","2022","Arlington - 2022","4",3003,"30","nifKO",876.86
"895","Arlington","2022","Arlington - 2022","5",3003,"30","nifKO",861.2
"896","Hancock","2022","Hancock - 2022","1",3003,"30","UTC",1374.87573
"897","Hancock","2022","Hancock - 2022","2",3003,"30","UTC",1384.384691
"898","Hancock","2022","Hancock - 2022","3",3003,"30","UTC",1220.77
"899","Hancock","2022","Hancock - 2022","4",3003,"30","UTC",1308.6
"900","Hancock","2022","Hancock - 2022","5",3003,"30","UTC",1307.04
